,External ID,Label
0,10369.jpg,no
1,10491.jpg,no
2,10693.jpg,no
3,10819.jpg,no
4,10851.jpg,no
5,10853.jpg,no
6,10961.jpg,no
7,11192.jpg,no
8,11348.jpg,no
9,11349.jpg,no
10,11373.jpg,no
11,11515.jpg,no
12,11624.jpg,no
13,1166.jpg,no
14,11679.jpg,no
15,1169.jpg,no
16,11691.jpg,no
17,1189.jpg,no
18,11998.jpg,no
19,1205.jpg,no
20,12111.jpg,no
21,12164.jpg,no
22,12312.jpg,no
23,1232.jpg,no
24,12326.jpg,no
25,12365.jpg,no
26,12377.jpg,no
27,1242.jpg,no
28,1243.jpg,no
29,12577.jpg,no
30,12659.jpg,no
31,12660.jpg,no
32,12668.jpg,no
33,1274.jpg,no
34,1278.jpg,no
35,1283.jpg,no
36,12904.jpg,no
37,13183.jpg,no
38,13184.jpg,no
39,13187.jpg,no
40,13300.jpg,no
41,13379.jpg,no
42,13385.jpg,no
43,13435.jpg,no
44,13465.jpg,no
45,13588.jpg,no
46,13613.jpg,no
47,13616.jpg,no
48,13651.jpg,no
49,13658.jpg,no
50,1368.jpg,no
51,13835.jpg,no
52,13866.jpg,no
53,1404.jpg,no
54,1410.jpg,no
55,14226.jpg,no
56,14345.jpg,no
57,14503.jpg,no
58,14522.jpg,no
59,14551.jpg,no
60,14663.jpg,no
61,14664.jpg,no
62,14778.jpg,no
63,14782.jpg,no
64,14843.jpg,no
65,14948.jpg,no
66,15007.jpg,no
67,15027.jpg,no
68,15057.jpg,no
69,15166.jpg,no
70,15305.jpg,no
71,15500.jpg,no
72,15698.jpg,no
73,15730.jpg,no
74,15754.jpg,no
75,15816.jpg,no
76,15843.jpg,no
77,16042.jpg,no
78,16043.jpg,no
79,16061.jpg,no
80,16120.jpg,no
81,16174.jpg,no
82,16328.jpg,no
83,16332.jpg,no
84,1635.jpg,no
85,16392.jpg,no
86,16636.jpg,no
87,16644.jpg,no
88,16861.jpg,no
89,16867.jpg,no
90,1693.jpg,no
91,16936.jpg,no
92,17396.jpg,no
93,17506.jpg,no
94,17550.jpg,no
95,17798.jpg,no
96,17920.jpg,no
97,17921.jpg,no
98,18340.jpg,no
99,18359.jpg,no
100,18362.jpg,no
101,18454.jpg,no
102,18489.jpg,no
103,18498.jpg,no
104,18510.jpg,no
105,18516.jpg,no
106,18630.jpg,no
107,18769.jpg,no
108,18804.jpg,no
109,18806.jpg,no
110,18811.jpg,no
111,18812.jpg,no
112,18815.jpg,no
113,18854.jpg,no
114,18885.jpg,no
115,18895.jpg,no
116,18897.jpg,no
117,18935.jpg,no
118,18938.jpg,no
119,18939.jpg,no
120,1897.jpg,no
121,19047.jpg,no
122,19082.jpg,no
123,19088.jpg,no
124,19094.jpg,no
125,19135.jpg,no
126,19136.jpg,no
127,19285.jpg,no
128,19299.jpg,no
129,19302.jpg,no
130,1932.jpg,no
131,19538.jpg,no
132,19553.jpg,no
133,19778.jpg,no
134,1991.jpg,no
135,19925.jpg,no
136,2001.jpg,no
137,20027.jpg,no
138,20080.jpg,no
139,20152.jpg,no
140,20372.jpg,no
141,20397.jpg,no
142,20588.jpg,no
143,20605.jpg,no
144,2062.jpg,no
145,2064.jpg,no
146,2076.jpg,no
147,2102.jpg,no
148,2320.jpg,no
149,2393.jpg,no
150,2449.jpg,no
151,2514.jpg,no
152,2518.jpg,no
153,2520.jpg,no
154,2567.jpg,no
155,2591.jpg,no
156,2593.jpg,no
157,2601.jpg,no
158,2609.jpg,no
159,2834.jpg,no
160,2839.jpg,no
161,2841.jpg,no
162,2845.jpg,no
163,2849.jpg,no
164,2852.jpg,no
165,2860.jpg,no
166,3068.jpg,no
167,3076.jpg,no
168,3480.jpg,no
169,3653.jpg,no
170,3740.jpg,no
171,3815.jpg,no
172,3950.jpg,no
173,4076.jpg,no
174,4250.jpg,no
175,4291.jpg,no
176,4455.jpg,no
177,4459.jpg,no
178,4569.jpg,no
179,4573.jpg,no
180,4721.jpg,no
181,4813.jpg,no
182,4823.jpg,no
183,4826.jpg,no
184,4831.jpg,no
185,4832.jpg,no
186,4833.jpg,no
187,4834.jpg,no
188,4967.jpg,no
189,5248.jpg,no
190,5262.jpg,no
191,5432.jpg,no
192,5588.jpg,no
193,5650.jpg,no
194,5651.jpg,no
195,5719.jpg,no
196,6223.jpg,no
197,6292.jpg,no
198,6334.jpg,no
199,6373.jpg,no
200,6374.jpg,no
201,6379.jpg,no
202,6420.jpg,no
203,6544.jpg,no
204,6558.jpg,no
205,6562.jpg,no
206,6565.jpg,no
207,6589.jpg,no
208,6630.jpg,no
209,6770.jpg,no
210,6794.jpg,no
211,6860.jpg,no
212,6876.jpg,no
213,6878.jpg,no
214,6879.jpg,no
215,6881.jpg,no
216,6914.jpg,no
217,6922.jpg,no
218,6974.jpg,no
219,7018.jpg,no
220,7075.jpg,no
221,7077.jpg,no
222,7167.jpg,no
223,7283.jpg,no
224,7362.jpg,no
225,7533.jpg,no
226,7560.jpg,no
227,7575.jpg,no
228,7661.jpg,no
229,7662.jpg,no
230,7972.jpg,no
231,8023.jpg,no
232,8049.jpg,no
233,8056.jpg,no
234,8072.jpg,no
235,8102.jpg,no
236,8103.jpg,no
237,8141.jpg,no
238,8245.jpg,no
239,8254.jpg,no
240,8349.jpg,no
241,8420.jpg,no
242,8425.jpg,no
243,8428.jpg,no
244,8430.jpg,no
245,8437.jpg,no
246,8646.jpg,no
247,8651.jpg,no
248,8654.jpg,no
249,8662.jpg,no
250,8674.jpg,no
251,8765.jpg,no
252,8933.jpg,no
253,8955.jpg,no
254,8963.jpg,no
255,9060.jpg,no
256,9125.jpg,no
257,9300.jpg,no
258,9305.jpg,no
259,9345.jpg,no
260,9373.jpg,no
261,9446.jpg,no
262,9960.jpg,no
263,10106.jpg,yes
264,10110.jpg,yes
265,10111.jpg,yes
266,10292.jpg,yes
267,10303.jpg,yes
268,10307.jpg,yes
269,10338.jpg,yes
270,10342.jpg,yes
271,10448.jpg,yes
272,10451.jpg,yes
273,10479.jpg,yes
274,10485.jpg,yes
275,10490.jpg,yes
276,10592.jpg,yes
277,10601.jpg,yes
278,10603.jpg,yes
279,10831.jpg,yes
280,10832.jpg,yes
281,10855.jpg,yes
282,10880.jpg,yes
283,10945.jpg,yes
284,11015.jpg,yes
285,11059.jpg,yes
286,11159.jpg,yes
287,11196.jpg,yes
288,11201.jpg,yes
289,11238.jpg,yes
290,11374.jpg,yes
291,11375.jpg,yes
292,11376.jpg,yes
293,11377.jpg,yes
294,11378.jpg,yes
295,11417.jpg,yes
296,11621.jpg,yes
297,1164.jpg,yes
298,1171.jpg,yes
299,11759.jpg,yes
300,1177.jpg,yes
301,1178.jpg,yes
302,11845.jpg,yes
303,11848.jpg,yes
304,11851.jpg,yes
305,12022.jpg,yes
306,12024.jpg,yes
307,12058.jpg,yes
308,12060.jpg,yes
309,12077.jpg,yes
310,1210.jpg,yes
311,12104.jpg,yes
312,12105.jpg,yes
313,12108.jpg,yes
314,12109.jpg,yes
315,12114.jpg,yes
316,12117.jpg,yes
317,12119.jpg,yes
318,12122.jpg,yes
319,1213.jpg,yes
320,1220.jpg,yes
321,12220.jpg,yes
322,12223.jpg,yes
323,12381.jpg,yes
324,12483.jpg,yes
325,12515.jpg,yes
326,1252.jpg,yes
327,1255.jpg,yes
328,12586.jpg,yes
329,12655.jpg,yes
330,1273.jpg,yes
331,12785.jpg,yes
332,12786.jpg,yes
333,1279.jpg,yes
334,12901.jpg,yes
335,12902.jpg,yes
336,12903.jpg,yes
337,12905.jpg,yes
338,12908.jpg,yes
339,12979.jpg,yes
340,13057.jpg,yes
341,13142.jpg,yes
342,13148.jpg,yes
343,13150.jpg,yes
344,13188.jpg,yes
345,1345.jpg,yes
346,13464.jpg,yes
347,1349.jpg,yes
348,13506.jpg,yes
349,1351.jpg,yes
350,13533.jpg,yes
351,13554.jpg,yes
352,13571.jpg,yes
353,13573.jpg,yes
354,13575.jpg,yes
355,1358.jpg,yes
356,1362.jpg,yes
357,1364.jpg,yes
358,13659.jpg,yes
359,1367.jpg,yes
360,13671.jpg,yes
361,13673.jpg,yes
362,13840.jpg,yes
363,13841.jpg,yes
364,14044.jpg,yes
365,14054.jpg,yes
366,14158.jpg,yes
367,1417.jpg,yes
368,14181.jpg,yes
369,14227.jpg,yes
370,1431.jpg,yes
371,1432.jpg,yes
372,14347.jpg,yes
373,1437.jpg,yes
374,14399.jpg,yes
375,1441.jpg,yes
376,14423.jpg,yes
377,14424.jpg,yes
378,1443.jpg,yes
379,14672.jpg,yes
380,14717.jpg,yes
381,1475.jpg,yes
382,14754.jpg,yes
383,14786.jpg,yes
384,1488.jpg,yes
385,14888.jpg,yes
386,15034.jpg,yes
387,15035.jpg,yes
388,15163.jpg,yes
389,15370.jpg,yes
390,15418.jpg,yes
391,15419.jpg,yes
392,1543.jpg,yes
393,15545.jpg,yes
394,15552.jpg,yes
395,15554.jpg,yes
396,15631.jpg,yes
397,15755.jpg,yes
398,15756.jpg,yes
399,15794.jpg,yes
400,15839.jpg,yes
401,16015.jpg,yes
402,16018.jpg,yes
403,16038.jpg,yes
404,16048.jpg,yes
405,16179.jpg,yes
406,16180.jpg,yes
407,16184.jpg,yes
408,1630.jpg,yes
409,1631.jpg,yes
410,16330.jpg,yes
411,16331.jpg,yes
412,1634.jpg,yes
413,16380.jpg,yes
414,16528.jpg,yes
415,16635.jpg,yes
416,16639.jpg,yes
417,16645.jpg,yes
418,16685.jpg,yes
419,1674.jpg,yes
420,16811.jpg,yes
421,17002.jpg,yes
422,17043.jpg,yes
423,17046.jpg,yes
424,17049.jpg,yes
425,17051.jpg,yes
426,17243.jpg,yes
427,17245.jpg,yes
428,17246.jpg,yes
429,17391.jpg,yes
430,17526.jpg,yes
431,17528.jpg,yes
432,17529.jpg,yes
433,17530.jpg,yes
434,17531.jpg,yes
435,17532.jpg,yes
436,17549.jpg,yes
437,17617.jpg,yes
438,17689.jpg,yes
439,17791.jpg,yes
440,17794.jpg,yes
441,17796.jpg,yes
442,17812.jpg,yes
443,17813.jpg,yes
444,17841.jpg,yes
445,17880.jpg,yes
446,18103.jpg,yes
447,18410.jpg,yes
448,18411.jpg,yes
449,18488.jpg,yes
450,18687.jpg,yes
451,18721.jpg,yes
452,18809.jpg,yes
453,18846.jpg,yes
454,18932.jpg,yes
455,1895.jpg,yes
456,18954.jpg,yes
457,1896.jpg,yes
458,1899.jpg,yes
459,1902.jpg,yes
460,1905.jpg,yes
461,19289.jpg,yes
462,19291.jpg,yes
463,19321.jpg,yes
464,19322.jpg,yes
465,19447.jpg,yes
466,19448.jpg,yes
467,19552.jpg,yes
468,19554.jpg,yes
469,19645.jpg,yes
470,19746.jpg,yes
471,19747.jpg,yes
472,19967.jpg,yes
473,20001.jpg,yes
474,20004.jpg,yes
475,2002.jpg,yes
476,20034.jpg,yes
477,2004.jpg,yes
478,20048.jpg,yes
479,20049.jpg,yes
480,20051.jpg,yes
481,20141.jpg,yes
482,20148.jpg,yes
483,20149.jpg,yes
484,20188.jpg,yes
485,20244.jpg,yes
486,20288.jpg,yes
487,2036.jpg,yes
488,20377.jpg,yes
489,2038.jpg,yes
490,20387.jpg,yes
491,20406.jpg,yes
492,20408.jpg,yes
493,20410.jpg,yes
494,2042.jpg,yes
495,2057.jpg,yes
496,20594.jpg,yes
497,20600.jpg,yes
498,20692.jpg,yes
499,2108.jpg,yes
500,2319.jpg,yes
501,2321.jpg,yes
502,2322.jpg,yes
503,2326.jpg,yes
504,2365.jpg,yes
505,2368.jpg,yes
506,2382.jpg,yes
507,2446.jpg,yes
508,2448.jpg,yes
509,2453.jpg,yes
510,2512.jpg,yes
511,2546.jpg,yes
512,2603.jpg,yes
513,2610.jpg,yes
514,2612.jpg,yes
515,2613.jpg,yes
516,2826.jpg,yes
517,2833.jpg,yes
518,2836.jpg,yes
519,2844.jpg,yes
520,3460.jpg,yes
521,3464.jpg,yes
522,3467.jpg,yes
523,3476.jpg,yes
524,3482.jpg,yes
525,3746.jpg,yes
526,3747.jpg,yes
527,4214.jpg,yes
528,4275.jpg,yes
529,4276.jpg,yes
530,4278.jpg,yes
531,4720.jpg,yes
532,4723.jpg,yes
533,4815.jpg,yes
534,4820.jpg,yes
535,4829.jpg,yes
536,4836.jpg,yes
537,4837.jpg,yes
538,4838.jpg,yes
539,4839.jpg,yes
540,4964.jpg,yes
541,4970.jpg,yes
542,4974.jpg,yes
543,4976.jpg,yes
544,4979.jpg,yes
545,4982.jpg,yes
546,4989.jpg,yes
547,5002.jpg,yes
548,5005.jpg,yes
549,5009.jpg,yes
550,5018.jpg,yes
551,5022.jpg,yes
552,5033.jpg,yes
553,5043.jpg,yes
554,5065.jpg,yes
555,5067.jpg,yes
556,5177.jpg,yes
557,5236.jpg,yes
558,5238.jpg,yes
559,5241.jpg,yes
560,5243.jpg,yes
561,5244.jpg,yes
562,5321.jpg,yes
563,5355.jpg,yes
564,5356.jpg,yes
565,5581.jpg,yes
566,5625.jpg,yes
567,5645.jpg,yes
568,5649.jpg,yes
569,5657.jpg,yes
570,6067.jpg,yes
571,6082.jpg,yes
572,6083.jpg,yes
573,6224.jpg,yes
574,6335.jpg,yes
575,6336.jpg,yes
576,6337.jpg,yes
577,6415.jpg,yes
578,6541.jpg,yes
579,6547.jpg,yes
580,6549.jpg,yes
581,6551.jpg,yes
582,6556.jpg,yes
583,6631.jpg,yes
584,6721.jpg,yes
585,6773.jpg,yes
586,6839.jpg,yes
587,6874.jpg,yes
588,6875.jpg,yes
589,7179.jpg,yes
590,7181.jpg,yes
591,7182.jpg,yes
592,7183.jpg,yes
593,7358.jpg,yes
594,7359.jpg,yes
595,7360.jpg,yes
596,7361.jpg,yes
597,7535.jpg,yes
598,7537.jpg,yes
599,7586.jpg,yes
600,7952.jpg,yes
601,7971.jpg,yes
602,7973.jpg,yes
603,7976.jpg,yes
604,7977.jpg,yes
605,8104.jpg,yes
606,8177.jpg,yes
607,8273.jpg,yes
608,8431.jpg,yes
609,8432.jpg,yes
610,8693.jpg,yes
611,8718.jpg,yes
612,8720.jpg,yes
613,8722.jpg,yes
614,8725.jpg,yes
615,8729.jpg,yes
616,8810.jpg,yes
617,8816.jpg,yes
618,8836.jpg,yes
619,8890.jpg,yes
620,8928.jpg,yes
621,9110.jpg,yes
622,9140.jpg,yes
623,9142.jpg,yes
624,9208.jpg,yes
625,9279.jpg,yes
626,9574.jpg,yes
627,9575.jpg,yes
628,9638.jpg,yes
629,9956.jpg,yes
630,9957.jpg,yes
