Order,External_ID,Label
0,20692.jpg,yes
1,20605.jpg,no
2,20600.jpg,yes
3,20594.jpg,yes
4,20588.jpg,no
5,20410.jpg,yes
6,20408.jpg,yes
7,20406.jpg,yes
8,20397.jpg,no
9,20387.jpg,yes
10,20377.jpg,yes
11,20372.jpg,no
12,20288.jpg,yes
13,20244.jpg,yes
14,20188.jpg,yes
15,20152.jpg,yes
16,20149.jpg,yes
17,20148.jpg,yes
18,20141.jpg,yes
19,20080.jpg,no
20,20051.jpg,yes
21,20049.jpg,yes
22,20048.jpg,yes
23,20034.jpg,yes
24,20027.jpg,no
25,20004.jpg,yes
26,20001.jpg,yes
27,19967.jpg,yes
28,19925.jpg,no
29,19778.jpg,no
30,19747.jpg,yes
31,19746.jpg,yes
32,19645.jpg,yes
33,19554.jpg,yes
34,19553.jpg,no
35,19552.jpg,yes
36,19538.jpg,no
37,19448.jpg,yes
38,19447.jpg,yes
39,19322.jpg,yes
40,19321.jpg,yes
41,19302.jpg,no
42,19299.jpg,no
43,19291.jpg,yes
44,19289.jpg,yes
45,19285.jpg,no
46,19136.jpg,yes
47,19135.jpg,no
48,19094.jpg,no
49,19088.jpg,no
50,19082.jpg,no
51,19047.jpg,no
52,18954.jpg,yes
53,18939.jpg,no
54,18938.jpg,yes
55,18935.jpg,no
56,18932.jpg,yes
57,18897.jpg,no
58,18895.jpg,no
59,18885.jpg,no
60,18854.jpg,no
61,18846.jpg,yes
62,18815.jpg,no
63,18812.jpg,no
64,18811.jpg,no
65,18809.jpg,yes
66,18806.jpg,no
67,18804.jpg,no
68,18769.jpg,no
69,18721.jpg,yes
70,18687.jpg,yes
71,18630.jpg,no
72,18516.jpg,no
73,18510.jpg,no
74,18498.jpg,no
75,18489.jpg,no
76,18488.jpg,yes
77,18454.jpg,no
78,18411.jpg,yes
79,18410.jpg,yes
80,18362.jpg,yes
81,18359.jpg,no
82,18340.jpg,no
83,18103.jpg,yes
84,17921.jpg,no
85,17920.jpg,no
86,17880.jpg,yes
87,17841.jpg,yes
88,17813.jpg,yes
89,17812.jpg,yes
90,17798.jpg,yes
91,17796.jpg,yes
92,17794.jpg,yes
93,17791.jpg,yes
94,17689.jpg,yes
95,17617.jpg,yes
96,17550.jpg,no
97,17549.jpg,yes
98,17532.jpg,yes
99,17531.jpg,yes
100,17530.jpg,yes
101,17529.jpg,yes
102,17528.jpg,yes
103,17526.jpg,yes
104,17506.jpg,no
105,17396.jpg,no
106,17391.jpg,yes
107,17246.jpg,yes
108,17245.jpg,yes
109,17243.jpg,yes
110,17051.jpg,yes
111,17049.jpg,yes
112,17046.jpg,yes
113,17043.jpg,yes
114,17002.jpg,yes
115,16936.jpg,no
116,16867.jpg,no
117,16861.jpg,no
118,16811.jpg,yes
119,16685.jpg,yes
120,16645.jpg,yes
121,16644.jpg,no
122,16639.jpg,yes
123,16636.jpg,yes
124,16635.jpg,yes
125,16528.jpg,yes
126,16392.jpg,no
127,16380.jpg,yes
128,16332.jpg,no
129,16331.jpg,yes
130,16330.jpg,yes
131,16328.jpg,no
132,16184.jpg,yes
133,16180.jpg,yes
134,16179.jpg,yes
135,16174.jpg,no
136,16120.jpg,no
137,16061.jpg,no
138,16048.jpg,yes
139,16043.jpg,yes
140,16042.jpg,no
141,16038.jpg,yes
142,16018.jpg,yes
143,16015.jpg,yes
144,15843.jpg,no
145,15839.jpg,yes
146,15816.jpg,no
147,15794.jpg,yes
148,15756.jpg,yes
149,15755.jpg,yes
150,15754.jpg,no
151,15730.jpg,no
152,15698.jpg,no
153,15631.jpg,yes
154,15554.jpg,yes
155,15552.jpg,yes
156,15545.jpg,yes
157,15500.jpg,no
158,15419.jpg,yes
159,15418.jpg,yes
160,15370.jpg,yes
161,15305.jpg,no
162,15166.jpg,yes
163,15163.jpg,yes
164,15057.jpg,yes
165,15035.jpg,yes
166,15034.jpg,yes
167,15027.jpg,no
168,15007.jpg,no
169,14948.jpg,no
170,14888.jpg,yes
171,14843.jpg,no
172,14786.jpg,yes
173,14782.jpg,yes
174,14778.jpg,yes
175,14754.jpg,yes
176,14717.jpg,yes
177,14672.jpg,yes
178,14664.jpg,no
179,14663.jpg,no
180,14551.jpg,yes
181,14522.jpg,no
182,14503.jpg,yes
183,14424.jpg,yes
184,14423.jpg,yes
185,14399.jpg,yes
186,14347.jpg,yes
187,14345.jpg,no
188,14227.jpg,yes
189,14226.jpg,no
190,14181.jpg,yes
191,14158.jpg,yes
192,14054.jpg,yes
193,14044.jpg,yes
194,13866.jpg,no
195,13841.jpg,yes
196,13840.jpg,yes
197,13835.jpg,no
198,13673.jpg,yes
199,13671.jpg,yes
200,13659.jpg,yes
201,13658.jpg,no
202,13651.jpg,no
203,13616.jpg,no
204,13613.jpg,no
205,13588.jpg,no
206,13575.jpg,yes
207,13573.jpg,yes
208,13571.jpg,yes
209,13554.jpg,yes
210,13533.jpg,yes
211,13506.jpg,yes
212,13465.jpg,no
213,13464.jpg,yes
214,13435.jpg,no
215,13385.jpg,no
216,13379.jpg,no
217,13300.jpg,no
218,13188.jpg,yes
219,13187.jpg,no
220,13184.jpg,no
221,13183.jpg,no
222,13150.jpg,yes
223,13148.jpg,yes
224,13142.jpg,yes
225,13057.jpg,yes
226,12979.jpg,yes
227,12908.jpg,yes
228,12905.jpg,yes
229,12904.jpg,yes
230,12903.jpg,yes
231,12902.jpg,yes
232,12901.jpg,yes
233,12786.jpg,yes
234,12785.jpg,yes
235,12668.jpg,no
236,12660.jpg,no
237,12659.jpg,no
238,12655.jpg,yes
239,12586.jpg,yes
240,12577.jpg,no
241,12515.jpg,yes
242,12483.jpg,yes
243,12381.jpg,yes
244,12377.jpg,yes
245,12365.jpg,no
246,12326.jpg,no
247,12312.jpg,no
248,12223.jpg,yes
249,12220.jpg,yes
250,12164.jpg,no
251,12122.jpg,yes
252,12119.jpg,yes
253,12117.jpg,yes
254,12114.jpg,yes
255,12111.jpg,no
256,12109.jpg,yes
257,12108.jpg,yes
258,12105.jpg,yes
259,12104.jpg,yes
260,12077.jpg,yes
261,12060.jpg,yes
262,12058.jpg,yes
263,12024.jpg,yes
264,12022.jpg,yes
265,11998.jpg,no
266,11851.jpg,yes
267,11848.jpg,yes
268,11845.jpg,yes
269,11759.jpg,yes
270,11691.jpg,yes
271,11679.jpg,no
272,11624.jpg,no
273,11621.jpg,yes
274,11515.jpg,no
275,11417.jpg,yes
276,11378.jpg,yes
277,11377.jpg,yes
278,11376.jpg,yes
279,11375.jpg,yes
280,11374.jpg,yes
281,11373.jpg,no
282,11349.jpg,no
283,11348.jpg,no
284,11238.jpg,yes
285,11201.jpg,yes
286,11196.jpg,yes
287,11192.jpg,no
288,11159.jpg,yes
289,11059.jpg,yes
290,11015.jpg,yes
291,10961.jpg,no
292,10945.jpg,yes
293,10880.jpg,yes
294,10855.jpg,yes
295,10853.jpg,no
296,10851.jpg,yes
297,10832.jpg,yes
298,10831.jpg,yes
299,10819.jpg,no
300,10693.jpg,no
301,10603.jpg,yes
302,10601.jpg,yes
303,10592.jpg,yes
304,10491.jpg,no
305,10490.jpg,yes
306,10485.jpg,yes
307,10479.jpg,yes
308,10451.jpg,yes
309,10448.jpg,yes
310,10369.jpg,no
311,10342.jpg,yes
312,10338.jpg,yes
313,10307.jpg,yes
314,10303.jpg,yes
315,10292.jpg,yes
316,10111.jpg,yes
317,10110.jpg,yes
318,10106.jpg,yes
319,9960.jpg,no
320,9957.jpg,yes
321,9956.jpg,yes
322,9638.jpg,yes
323,9575.jpg,yes
324,9574.jpg,yes
325,9446.jpg,no
326,9373.jpg,no
327,9345.jpg,no
328,9305.jpg,no
329,9300.jpg,no
330,9279.jpg,yes
331,9208.jpg,yes
332,9142.jpg,yes
333,9140.jpg,yes
334,9125.jpg,no
335,9110.jpg,yes
336,9060.jpg,no
337,8963.jpg,no
338,8955.jpg,no
339,8933.jpg,no
340,8928.jpg,yes
341,8890.jpg,yes
342,8836.jpg,yes
343,8816.jpg,yes
344,8810.jpg,yes
345,8765.jpg,no
346,8729.jpg,yes
347,8725.jpg,yes
348,8722.jpg,yes
349,8720.jpg,yes
350,8718.jpg,yes
351,8693.jpg,yes
352,8674.jpg,yes
353,8662.jpg,yes
354,8654.jpg,no
355,8651.jpg,no
356,8646.jpg,no
357,8437.jpg,no
358,8432.jpg,yes
359,8431.jpg,yes
360,8430.jpg,no
361,8428.jpg,no
362,8425.jpg,no
363,8420.jpg,no
364,8349.jpg,no
365,8273.jpg,yes
366,8254.jpg,no
367,8245.jpg,no
368,8177.jpg,yes
369,8141.jpg,no
370,8104.jpg,yes
371,8103.jpg,no
372,8102.jpg,yes
373,8072.jpg,no
374,8056.jpg,no
375,8049.jpg,no
376,8023.jpg,no
377,7977.jpg,yes
378,7976.jpg,yes
379,7973.jpg,yes
380,7972.jpg,yes
381,7971.jpg,yes
382,7952.jpg,yes
383,7662.jpg,no
384,7661.jpg,yes
385,7586.jpg,yes
386,7575.jpg,no
387,7560.jpg,no
388,7537.jpg,yes
389,7535.jpg,yes
390,7533.jpg,no
391,7362.jpg,no
392,7361.jpg,yes
393,7360.jpg,yes
394,7359.jpg,yes
395,7358.jpg,yes
396,7283.jpg,no
397,7183.jpg,yes
398,7182.jpg,yes
399,7181.jpg,yes
400,7179.jpg,yes
401,7167.jpg,no
402,7077.jpg,no
403,7075.jpg,no
404,7018.jpg,yes
405,6974.jpg,no
406,6922.jpg,no
407,6914.jpg,no
408,6881.jpg,no
409,6879.jpg,no
410,6878.jpg,yes
411,6876.jpg,no
412,6875.jpg,yes
413,6874.jpg,yes
414,6860.jpg,no
415,6839.jpg,yes
416,6794.jpg,yes
417,6773.jpg,yes
418,6770.jpg,no
419,6721.jpg,yes
420,6631.jpg,yes
421,6630.jpg,no
422,6589.jpg,no
423,6565.jpg,no
424,6562.jpg,no
425,6558.jpg,no
426,6556.jpg,yes
427,6551.jpg,yes
428,6549.jpg,yes
429,6547.jpg,yes
430,6544.jpg,yes
431,6541.jpg,yes
432,6420.jpg,no
433,6415.jpg,yes
434,6379.jpg,no
435,6374.jpg,no
436,6373.jpg,no
437,6337.jpg,yes
438,6336.jpg,yes
439,6335.jpg,yes
440,6334.jpg,no
441,6292.jpg,no
442,6224.jpg,yes
443,6223.jpg,no
444,6083.jpg,yes
445,6082.jpg,yes
446,6067.jpg,yes
447,5719.jpg,no
448,5657.jpg,yes
449,5651.jpg,no
450,5650.jpg,no
451,5649.jpg,yes
452,5645.jpg,yes
453,5625.jpg,yes
454,5588.jpg,yes
455,5581.jpg,yes
456,5432.jpg,yes
457,5356.jpg,yes
458,5355.jpg,yes
459,5321.jpg,yes
460,5262.jpg,yes
461,5248.jpg,no
462,5244.jpg,yes
463,5243.jpg,yes
464,5241.jpg,yes
465,5238.jpg,yes
466,5236.jpg,yes
467,5177.jpg,yes
468,5067.jpg,yes
469,5065.jpg,yes
470,5043.jpg,yes
471,5033.jpg,yes
472,5022.jpg,yes
473,5018.jpg,yes
474,5009.jpg,yes
475,5005.jpg,yes
476,5002.jpg,yes
477,4989.jpg,yes
478,4982.jpg,yes
479,4979.jpg,yes
480,4976.jpg,yes
481,4974.jpg,yes
482,4970.jpg,yes
483,4967.jpg,no
484,4964.jpg,yes
485,4839.jpg,yes
486,4838.jpg,yes
487,4837.jpg,yes
488,4836.jpg,yes
489,4834.jpg,yes
490,4833.jpg,no
491,4832.jpg,yes
492,4831.jpg,yes
493,4829.jpg,yes
494,4826.jpg,yes
495,4823.jpg,no
496,4820.jpg,yes
497,4815.jpg,yes
498,4813.jpg,no
499,4723.jpg,yes
500,4721.jpg,no
501,4720.jpg,yes
502,4573.jpg,no
503,4569.jpg,no
504,4459.jpg,no
505,4455.jpg,no
506,4291.jpg,no
507,4278.jpg,yes
508,4276.jpg,yes
509,4275.jpg,yes
510,4250.jpg,no
511,4214.jpg,yes
512,4076.jpg,no
513,3950.jpg,no
514,3815.jpg,no
515,3747.jpg,yes
516,3746.jpg,yes
517,3740.jpg,no
518,3653.jpg,no
519,3482.jpg,yes
520,3480.jpg,no
521,3476.jpg,yes
522,3467.jpg,yes
523,3464.jpg,yes
524,3460.jpg,yes
525,3076.jpg,no
526,3068.jpg,no
527,2860.jpg,no
528,2852.jpg,no
529,2849.jpg,no
530,2845.jpg,no
531,2844.jpg,yes
532,2841.jpg,no
533,2839.jpg,no
534,2836.jpg,yes
535,2834.jpg,no
536,2833.jpg,yes
537,2826.jpg,yes
538,2613.jpg,yes
539,2612.jpg,yes
540,2610.jpg,yes
541,2609.jpg,yes
542,2603.jpg,yes
543,2601.jpg,no
544,2593.jpg,no
545,2591.jpg,no
546,2567.jpg,no
547,2546.jpg,yes
548,2520.jpg,no
549,2518.jpg,no
550,2514.jpg,no
551,2512.jpg,yes
552,2453.jpg,yes
553,2449.jpg,yes
554,2448.jpg,yes
555,2446.jpg,yes
556,2393.jpg,no
557,2382.jpg,yes
558,2368.jpg,yes
559,2365.jpg,yes
560,2326.jpg,yes
561,2322.jpg,yes
562,2321.jpg,yes
563,2320.jpg,yes
564,2319.jpg,yes
565,2108.jpg,yes
566,2102.jpg,no
567,2076.jpg,no
568,2064.jpg,no
569,2062.jpg,no
570,2057.jpg,yes
571,2042.jpg,yes
572,2038.jpg,yes
573,2036.jpg,yes
574,2004.jpg,yes
575,2002.jpg,yes
576,2001.jpg,no
577,1991.jpg,no
578,1932.jpg,no
579,1905.jpg,yes
580,1902.jpg,yes
581,1899.jpg,yes
582,1897.jpg,yes
583,1896.jpg,yes
584,1895.jpg,yes
585,1693.jpg,no
586,1674.jpg,yes
587,1635.jpg,no
588,1634.jpg,yes
589,1631.jpg,yes
590,1630.jpg,yes
591,1543.jpg,yes
592,1488.jpg,yes
593,1475.jpg,yes
594,1443.jpg,yes
595,1441.jpg,yes
596,1437.jpg,yes
597,1432.jpg,yes
598,1431.jpg,yes
599,1417.jpg,yes
600,1410.jpg,no
601,1404.jpg,no
602,1368.jpg,no
603,1367.jpg,no
604,1364.jpg,yes
605,1362.jpg,yes
606,1358.jpg,yes
607,1351.jpg,yes
608,1349.jpg,yes
609,1345.jpg,yes
610,1283.jpg,no
611,1279.jpg,yes
612,1278.jpg,no
613,1274.jpg,no
614,1273.jpg,yes
615,1255.jpg,yes
616,1252.jpg,yes
617,1243.jpg,yes
618,1242.jpg,yes
619,1232.jpg,yes
620,1220.jpg,yes
621,1213.jpg,yes
622,1210.jpg,yes
623,1205.jpg,no
624,1189.jpg,no
625,1178.jpg,yes
626,1177.jpg,yes
627,1171.jpg,yes
628,1169.jpg,no
629,1166.jpg,no
630,1164.jpg,yes